,title,descriptionskills,skills,Code,intrest
0,Sales Manager,"Plan, direct, or coordinate the actual distribution or movement of a product or service to the customer. Coordinate sales distribution by establishing sales territories, quotas, and goals and establish training programs for sales representatives. Analyze sales statistics gathered by staff to determine sales potential and inventory requirements and monitor the preferences of customers.","Information technology, Sales, teamliaise, LeadsRespond, sales, year, software engineering , Sales, to, software engineering eXe , sales, computer web",11-2022.00,Enterprising
1,Mangler,"Set up, operate, or tend machines to roll steel or plastic forming bends, beads, knurls, rolls, or plate, or to flatten, temper, or reduce gauge of material.","ERP, information technology, cloud, IT, computer systems, sales LAN software , IT services, IT, database, portfolio management, sales , information technology",51-4023.00,Realistic
2,Front End Web Developer,"Develop and implement websites, web applications, application databases, and interactive web interfaces. Evaluate code to ensure that it is properly structured, meets industry standards, and is compatible with browsers and devices. Optimize website performance, scalability, and server-side code and processes. May develop website infrastructure and integrate websites with other computer applications.","ERP, Vuejs, JavaScript, Git , SAS software , cloud SAP software, digital marketing, marketing, cloud Dig, digital marketing",15-1254.00,Conventional
4,System Engineer,"Design strategies for enterprise databases, data warehouse systems, and multidimensional networks. Set standards for database operations, programming, query processes, and security. Model, design, and construct large relational databases or data warehouses. Create and optimize data models for warehouse infrastructure and workflow. Integrate new systems with existing warehouse structure and refine system performance and functionality.","Cloud, cloud, IaaS, Microsoft Exchange Server , automate, Designing, computer systems, Designing, Microsoft Private, DNS, PaaS",15-1243.00,Investigative
6,Business Analyst,"Conduct organizational studies and evaluations, design systems and procedures, conduct work simplification and measurement studies, and prepare operations and procedures manuals to assist management in operating more efficiently and effectively. Includes program analysts and management consultants.","ERP, IT, business analysis, Test, designing, databases, UX Lua , Data migration, testing, coding, marketing, data security, , sales, automate, UAT, UX Analyz , dashboards, test, data systems, IT ",13-1111.00,Investigative
8,Front End Web Developer,"Develop and implement websites, web applications, application databases, and interactive web interfaces. Evaluate code to ensure that it is properly structured, meets industry standards, and is compatible with browsers and devices. Optimize website performance, scalability, and server-side code and processes. May develop website infrastructure and integrate websites with other computer applications.","unit test ,  reviews , testing , DevOps, React, designing, ",15-1254.00,Conventional
10,Tax Specialist,"Examine, analyze, and interpret accounting records to prepare financial statements, give advice, or audit and evaluate statements prepared by others. Install or advise on systems of recording costs or other financial and budgetary data.","ERP, SecurityProvide, DNS, VPN, Windows Server, Marketing, data, data storage, computer software, computer software , Routers, computer science, test, network administration, SecurityProvide, computer systems, IT systems, IT, computer science eQuest , Windows",13-2011.00,Conventional
11,SAP Business Analyst,"Analyze science, engineering, business, and other data processing problems to develop and implement solutions to complex applications problems, system administration issues, or network concerns. Perform systems management and integration functions, improve existing computer systems, and review computer system capabilities, workflow, and schedule limitations. May analyze or recommend commercially available software.","data mapping, UX , statistics, UX, testing, business analysis Analyz",15-1211.00,Investigative
15,Java Developer,"Create, modify, and test the code and scripts that allow computer applications to run. Work from specifications drawn up by software and web developers or other individuals. May develop and write computer programs to store, locate, and retrieve specific documents, data, and information.","Analyze, JDBI, Databases, banking, Analyz , designing, ExperienceHands, TestingConducts Spring Boot, Spark, Kafka, JUnit, Oracle SQL, Angular, APIs, testing, coding, debugging, software engineers,,A, Docker, Java, Spring Cloud, , database, BPM, designing, MicroServices, analyze data, UXUse, Programming languages, ABC programming language, DeltSpike Data, Apache, TestingConducts A programming language APL, REST API, REST, unit testing, software development, , JavaScript,  reviews, debug, test, Database , unit test, RabbitMQ, Scalable , Kubernetes, Dockers",15-1251.00,Investigative
16,Front End Developer,"Develop and implement websites, web applications, application databases, and interactive web interfaces. Evaluate code to ensure that it is properly structured, meets industry standards, and is compatible with browsers and devices. Optimize website performance, scalability, and server-side code and processes. May develop website infrastructure and integrate websites with other computer applications.","DevOps, designing,   yet,  analysis, MS, CSS, HTML, Angular,  reviews , testing, coding, debugging, TypeScript, Designing, , version tools Currently, React, React JS, Cloud, JavaScript , Computer Science, ,,Determining, Designing, JSX , UX, risk analysis, AngularWrite",15-1254.00,Conventional
17,Front End Developer,"Develop and implement websites, web applications, application databases, and interactive web interfaces. Evaluate code to ensure that it is properly structured, meets industry standards, and is compatible with browsers and devices. Optimize website performance, scalability, and server-side code and processes. May develop website infrastructure and integrate websites with other computer applications.","Egypt yet, DevOps, designing,   yet,  analysis, MS, CSS, HTML, Angular, SKILL ,  reviews , testing, coding, debugging, TypeScript, Designing, , version tools Currently, React,  reviews File management software, React JS, Cloud, JavaScript , Computer Science, ,,Determining, JSX , UX, risk analysis, AngularWrite",15-1254.00,Conventional
20,Java Developer,"Create, modify, and test the code and scripts that allow computer applications to run. Work from specifications drawn up by software and web developers or other individuals. May develop and write computer programs to store, locate, and retrieve specific documents, data, and information.","continuous integration, SQL, PLSQL,  reviews,  eQuest , testing, coding, Java, debugging,  , coding, database, REST, , Oracle, unit testing, ",15-1251.00,Investigative
22,Implementer,"Manage web environment design, deployment, development and maintenance activities. Perform testing and quality assurance of web sites and web applications.","ERP, Bachelors degree, Business Analysis, business, Business Administration, OdooFollow , BIS, Sales, communication skills, OdooPerform, testing, business, Reports , dashboards, software development, Computer Science, OdooFollow eQuest , ERP systems, testing",15-1299.01,Conventional
23,Software Application Support Specialist,"Develop and execute software tests to identify software problems and their causes. Test system modifications to prepare for implementation. Document software and application defects using a bug tracking system and report defects to software or web developers. Create and maintain databases of known defects. May participate in software design reviews to provide input on functional requirements, operational characteristics, product designs, and schedules.","master data, PPL, SAP, testing , testing AMPL",15-1253.00,Investigative
24,Administrator,"Plan, direct, or coordinate one or more administrative services of an organization, such as records and information management, mail distribution, and other office support services.","Git , IT ERP software, computer software, computer systems, IT Dig, solve problems",11-3012.00,Enterprising
25,Job Developer,"Recruit, screen, interview, or place individuals within an organization. May perform other activities in multiple human resources areas.","ERP, Version Control, Odoo database, Analyz , Retesting, Regression testing, testing, BI, coding, database,  Migration, ,  Migration, Financial Analyze, python, XML, Excel, Data Migration, security testing, Git, PostgreSQL, software development, Python, , JavaScript, Output, test, Crete server, Googlexa, Software development",13-1071.00,Enterprising
26,Administrator,"Plan, direct, or coordinate one or more administrative services of an organization, such as records and information management, mail distribution, and other office support services.","Windows, communication skills Microsoft Office , IT eXe",11-3012.00,Enterprising
28,System Engineer,"Design strategies for enterprise databases, data warehouse systems, and multidimensional networks. Set standards for database operations, programming, query processes, and security. Model, design, and construct large relational databases or data warehouses. Create and optimize data models for warehouse infrastructure and workflow. Integrate new systems with existing warehouse structure and refine system performance and functionality.","computer software, DataCenter, test, Digital Signage , problems Analyze",15-1243.00,Investigative
29,Marketing Communications Specialist,"Employ search marketing tactics to increase visibility and engagement with content, products, or services in Internet-enabled devices or interfaces. Examine search query behaviors on general or specialty search engines or other Internet-based content. Analyze research, data, or technology to understand user intent and measure outcomes for ongoing optimization.","Marketing eXe , SKILL , Marketing, marketing Ada",13-1161.01,Enterprising
30,Implementer,"Manage web environment design, deployment, development and maintenance activities. Perform testing and quality assurance of web sites and web applications.","ERP, ERP systems, ERP software, Analyz , Data Migration Analyze, ERP systems, SKILL",15-1299.01,Conventional
32,Technical Writer,"Write technical materials, such as equipment manuals, appendices, or operating and maintenance instructions. May assist in layout work.","marketing Polish , marketing",27-3042.00,Artistic
33,Scrum Master,"Plan, initiate, and manage information technology (IT) projects. Lead and guide the work of technical staff. Serve as liaison between business and technical aspects of projects. Plan project stages and assess business implications for each stage. Monitor progress to assure deadlines, standards, and cost targets are met.","Master, CICD, decision making, test, statistics eQuest , CICD, coding, eQuest , statistics Dig, Master, software development",15-1299.09,Enterprising
37,Help Desk Specialist,"Provide technical assistance to computer users. Answer questions or resolve computer problems for clients in person, via telephone, or electronically. May provide assistance concerning the use of computer hardware and software, including printing, installation, word processing, electronic mail, and operating systems.","software installation, VMWare, computer software, databases, IT, Scala, computer systems, LAN software , troubleshot, Microsoft distributed systems, databases, Windows Server eQuest, DNS, Windows Server eQuest",15-1232.00,Realistic
38,Project Manager,"Plan, direct, or coordinate, usually through subordinate supervisory personnel, activities concerned with the construction and maintenance of structures, facilities, and systems. Participate in the conceptual development of a construction project and oversee its organization, scheduling, budgeting, and implementation. Includes managers in specialized construction fields, such as carpentry or plumbing.","Robotic Process Automation, Electronics, Robotic Process Automation, ERP , NLP, sales, computer science, computer engineering, risk management, Go",11-9021.00,Enterprising
43,Job Developer,"Recruit, screen, interview, or place individuals within an organization. May perform other activities in multiple human resources areas.","ERP, Version Control, Debug, RDBMS, Linux, cloud, Sales, HTML, CSS , APIs, BI, coding, testing, database, PREMIS , ,  Migration, APIsMaintain, APIsMaintain, Purchase, XML, Financial, CSS Perl, Data Migration, Git, software development, GitHub, Python, PostgreSQL, JavaScript, Output, test, sales, Windows, Software development, testing",13-1071.00,Enterprising
44,Application Systems Administrator,"Install, configure, and maintain an organization's local area network (LAN), wide area network (WAN), data communications network, operating systems, and physical and virtual servers. Perform system monitoring and verify the integrity and availability of hardware, network, and server resources and systems. Review system and application logs and verify completion of scheduled jobs, including system backups. Analyze network and server resource consumption and control user access. Install and upgrade software and maintain software licenses. May assist in network modeling, analysis, planning, and coordination between network and data communications hardware and software.","computer systems, data migration, computer systems Go , data migration",15-1244.00,Investigative
45,Network Engineer,"Design and implement computer and information networks, such as local area networks (LAN), wide area networks (WAN), intranets, extranets, and other data communications networks. Perform network modeling, analysis, and planning, including analysis of capacity needs for network infrastructures. May also design network and computer security measures. May research and recommend network and data communications hardware and software.","cloud, Automate , network administration, Automate Application Software SHEAR, LAN, Software AG , computer networks, designing, designing, VPN",15-1241.00,Investigative
49,Software Project Manager,"Plan, direct, or coordinate activities in such fields as electronic data processing, information systems, systems analysis, and computer programming.","ERP, eQuest, testing eXe , eXe, LAN software , ERP ADP software, financial analysis, risk management, risk management, testing",11-3021.00,Enterprising
50,Engineer,"Design or configure wired, wireless, and satellite communications systems for voice, video, and data services. Supervise installation, service, and maintenance.","eXe, Analyz , software development, designing, eXe , regression, management, fintech C, C, Android, testing, debugging, Java, , regression, fintech Analyze, version control, German, software engineering, software development, test, JS, healthcare",15-1241.01,Realistic
55,Back End Developer,"Develop and implement websites, web applications, application databases, and interactive web interfaces. Evaluate code to ensure that it is properly structured, meets industry standards, and is compatible with browsers and devices. Optimize website performance, scalability, and server-side code and processes. May develop website infrastructure and integrate websites with other computer applications.","Scala , test, , debug Programming languages, debug, NET, software development Programming languages , software development",15-1254.00,Conventional
56,Salesforce Developer,"Analyze science, engineering, business, and other data processing problems to develop and implement solutions to complex applications problems, system administration issues, or network concerns. Perform systems management and integration functions, improve existing computer systems, and review computer system capabilities, workflow, and schedule limitations. May analyze or recommend commercially available software.","SQL, Analyz , Sublime Analyze, SOAP, CSS, migrating data, testing, coding, debugging, Salesforce, analyze data, HTML, SecuritySalesforce, REST, DescriptionWhat, Git, software development, Cloud, JavaScript, Apex, test , DescriptionWhat, IT, CRM, Script, Salesforce, ETL",15-1211.00,Investigative
57,System Administrator,"Administer, test, and implement computer databases, applying knowledge of database management systems. Coordinate changes to computer databases. Identify, investigate, and resolve database performance issues, database capacity, and database scalability. May plan, coordinate, and implement security measures to safeguard computer databases.","ERP, Analyz , DHCP, DNS, VPN, Linux, Linux Analyze, Windows Server, implement analytics, Deep security, database, Objective C, IT systems, ERP systems, storage administration, test, computer systems, IT systems, IT, VMware, CRM, ERP systems Objective C , Windows",15-1242.00,Conventional
58,Front End Developer,"Develop and implement websites, web applications, application databases, and interactive web interfaces. Evaluate code to ensure that it is properly structured, meets industry standards, and is compatible with browsers and devices. Optimize website performance, scalability, and server-side code and processes. May develop website infrastructure and integrate websites with other computer applications.","SASS, Debug, jQuery, AJAX, HTML, software development Modula , software development , analyze , , HTML, Angular, NPM, JSON, coding, , Firefox, Safari, IE, HTML, Git, Javascript, CSS",15-1254.00,Conventional
59,WordPress Developer,"Develop and implement websites, web applications, application databases, and interactive web interfaces. Evaluate code to ensure that it is properly structured, meets industry standards, and is compatible with browsers and devices. Optimize website performance, scalability, and server-side code and processes. May develop website infrastructure and integrate websites with other computer applications.","database, JavaScript, PHP,  Analyze, database, analytics, HTML,  SKILL , CSS, WordPress, WordPress, Analyz , Designing",15-1254.00,Conventional
60,SAP Consultant,Produce financial and market intelligence by querying data repositories and generating periodic reports. Devise methods for identifying data patterns and trends in available information sources.,"ERP, Software AG, Strong communication Analyze, integration testing, HANA, eQuest, ERP software, SAP, testing, Analyz , Framework, regression",15-2051.01,Investigative
61,Internet Systems Administrator,"Install, configure, and maintain an organization's local area network (LAN), wide area network (WAN), data communications network, operating systems, and physical and virtual servers. Perform system monitoring and verify the integrity and availability of hardware, network, and server resources and systems. Review system and application logs and verify completion of scheduled jobs, including system backups. Analyze network and server resource consumption and control user access. Install and upgrade software and maintain software licenses. May assist in network modeling, analysis, planning, and coordination between network and data communications hardware and software.","SQL Server eXe , SQL Server VMware, test, testing, Windows, Windows, MS Exchange, VMWare",15-1244.00,Investigative
62,Engineer,"Design or configure wired, wireless, and satellite communications systems for voice, video, and data services. Supervise installation, service, and maintenance.","solve problems, Zoom, IT, Analyz   Analyze ",15-1241.01,Realistic
63,Sales Account Manager,"Plan, direct, or coordinate the actual distribution or movement of a product or service to the customer. Coordinate sales distribution by establishing sales territories, quotas, and goals and establish training programs for sales representatives. Analyze sales statistics gathered by staff to determine sales potential and inventory requirements and monitor the preferences of customers.","computer security resolve conflicts , Sales, computer security Analyz , sales, IT",11-2022.00,Enterprising
65,Front End Developer,"Develop and implement websites, web applications, application databases, and interactive web interfaces. Evaluate code to ensure that it is properly structured, meets industry standards, and is compatible with browsers and devices. Optimize website performance, scalability, and server-side code and processes. May develop website infrastructure and integrate websites with other computer applications.","DevOps, designing, CSS, HTML, Angular, testing, coding, debugging, React, TypeScript, , version tools, Angular, debug , Git, JavaScript,  reviews, Computer Science, ,,Determining, JSX , UX, AngularWrite",15-1254.00,Conventional
66,Data Analyst,"Develop quantitative techniques to inform securities investing, equities investing, pricing, or valuation of financial instruments. Develop mathematical or statistical models for risk management, asset optimization, pricing, or relative value analysis.","analytics, Analyz , SSIS, designing, data governance, visualization, management, databases, BI, Designing, database, visualization, data models, data storage, data analytics, database management, STATISTICA, ArabiaConduct Analyze, dashboards, data mining, data analysis, SQL Server, Google Analytics, Power BI, AUTO, ETL, Microsoft SQL Server",13-2099.01,Conventional
67,Front End Developer,"Develop and implement websites, web applications, application databases, and interactive web interfaces. Evaluate code to ensure that it is properly structured, meets industry standards, and is compatible with browsers and devices. Optimize website performance, scalability, and server-side code and processes. May develop website infrastructure and integrate websites with other computer applications.","JavaScript, CSS, HTML, debug Modula, coding, Angular, JavaScript, DevOps, TypeScript , debug , , Git",15-1254.00,Conventional
69,Business Analyst,"Conduct organizational studies and evaluations, design systems and procedures, conduct work simplification and measurement studies, and prepare operations and procedures manuals to assist management in operating more efficiently and effectively. Includes program analysts and management consultants.","designing eQuest, Sales, designing Objective C , test, FRS, business administration, SRS, testing, Designing, business analysis, Analyz , IT, sales, testing, information technology",13-1111.00,Investigative
71,Technical Support Engineer,"Provide technical assistance to computer users. Answer questions or resolve computer problems for clients in person, via telephone, or electronically. May provide assistance concerning the use of computer hardware and software, including printing, installation, word processing, electronic mail, and operating systems.","interpersonal skills , interpersonal skills Self , test",15-1232.00,Realistic
72,React.js Developer,"Develop and implement websites, web applications, application databases, and interactive web interfaces. Evaluate code to ensure that it is properly structured, meets industry standards, and is compatible with browsers and devices. Optimize website performance, scalability, and server-side code and processes. May develop website infrastructure and integrate websites with other computer applications.","continuous integration, ReactJS, software development solve problems , FullStack, React, designing, testing, JavaScript, debugging, IT, designing, , engineering, unit testing, software development",15-1254.00,Conventional
73,Account Manager,"Plan, direct, or coordinate advertising policies and programs or produce collateral materials, such as posters, contests, coupons, or giveaways, to create extra interest in the purchase of a product or service for a department, an entire organization, or on an account basis.","sales eQuest, eXe , sales Objective C",11-2011.00,Enterprising
74,PHP Website Developer,"Develop and implement websites, web applications, application databases, and interactive web interfaces. Evaluate code to ensure that it is properly structured, meets industry standards, and is compatible with browsers and devices. Optimize website performance, scalability, and server-side code and processes. May develop website infrastructure and integrate websites with other computer applications."," , PHPResponsibilitiesUpdating, testing, PHP, information technology",15-1254.00,Conventional
75,Business Analyst,"Conduct organizational studies and evaluations, design systems and procedures, conduct work simplification and measurement studies, and prepare operations and procedures manuals to assist management in operating more efficiently and effectively. Includes program analysts and management consultants.","Sales, designing Objective C , SRS, FRS, business administration, SRS, testing, business analysis, designing Analyze, Analyz , IT, sales, Objective C, testing, information technology",13-1111.00,Investigative
76,Implementer,"Manage web environment design, deployment, development and maintenance activities. Perform testing and quality assurance of web sites and web applications.","ERP, database, business, Reports, testing, dashboards, business, sales, Sales , Change Request",15-1299.01,Conventional
77,Network Administrator,"Install, configure, and maintain an organization's local area network (LAN), wide area network (WAN), data communications network, operating systems, and physical and virtual servers. Perform system monitoring and verify the integrity and availability of hardware, network, and server resources and systems. Review system and application logs and verify completion of scheduled jobs, including system backups. Analyze network and server resource consumption and control user access. Install and upgrade software and maintain software licenses. May assist in network modeling, analysis, planning, and coordination between network and data communications hardware and software.","Cloud, Linux, MS, IT security, IT, Google Apps, computer systems, FortiGate plan , data migration, IT, FortiGate eQuest",15-1244.00,Investigative
78,Pattern Developer,"Lay out, machine, fit, and assemble castings and parts to metal or plastic foundry patterns, core boxes, or match plates.","AI, analytics, Good communication skills, Android, cloud , Android, APIs, testing, coding, , debug , Highly motivated , Git, software development, CICD , unit test, test, debug",51-4062.00,Realistic
79,Hair Specialist,"Provide beauty services, such as cutting, coloring, and styling hair, and massaging and treating scalp. May shampoo hair, apply makeup, dress wigs, remove hair, and provide nail and skincare services.","database, timesheets, Oracle, Analyz , IT eXe , IT Analyze, , Oracle, finance",39-5012.00,Artistic
80,Sales Account Manager,"Plan, direct, or coordinate the actual distribution or movement of a product or service to the customer. Coordinate sales distribution by establishing sales territories, quotas, and goals and establish training programs for sales representatives. Analyze sales statistics gathered by staff to determine sales potential and inventory requirements and monitor the preferences of customers.","computer security resolve conflicts , Sales, sales, computer security , Sales, IT",11-2022.00,Enterprising
81,System Administrator,"Administer, test, and implement computer databases, applying knowledge of database management systems. Coordinate changes to computer databases. Identify, investigate, and resolve database performance issues, database capacity, and database scalability. May plan, coordinate, and implement security measures to safeguard computer databases.","Linux, continuous integration, CICD, Linux, cloud, Amazon EC, IT eQuest , databases, cloud, MySQL, IT, VMware, AWS, AWS services, Configuration Management eXe , Configuration Management",15-1242.00,Conventional
82,Gas Engineer,"Operate steam-, gas-, electric motor-, or internal combustion-engine driven compressors. Transmit, compress, or recover gases, such as butane, nitrogen, hydrogen, and natural gas.","eXe, Analyz , designing, eXe , regression, management, C, fintech C, Android, testing, debugging, Java, , fintech Analyze, designing, regression, version control, German, software engineering, software development, test, JS, healthcare",53-7071.00,Realistic
84,System Administrator,"Administer, test, and implement computer databases, applying knowledge of database management systems. Coordinate changes to computer databases. Identify, investigate, and resolve database performance issues, database capacity, and database scalability. May plan, coordinate, and implement security measures to safeguard computer databases.","Linux, storage administration, VPN, Windows Server, test, computer systems, implement analytics, Deep security, IT, VMware, DNS, DHCP, Windows, CRM, ERP systems Objective C , IT systems, VPN",15-1242.00,Conventional
85,Product Manager,"Plan, direct, or coordinate marketing policies and programs, such as determining the demand for products and services offered by a firm and its competitors, and identify potential customers. Develop pricing strategies with the goal of maximizing the firm's profits or share of the market while ensuring the firm's customers are satisfied. Oversee product development or monitor trends that indicate the need for new products and services.","Prototyping, Designing, data analysis Go , UX, data analysis MarketSharp , Digital Products",11-2021.00,Enterprising
86,Technical Support Engineer,"Provide technical assistance to computer users. Answer questions or resolve computer problems for clients in person, via telephone, or electronically. May provide assistance concerning the use of computer hardware and software, including printing, installation, word processing, electronic mail, and operating systems.","make decisions, Healthcare, IT ERP software, IT eQuest , computer software, computer systems, sales, sales, solve problems",15-1232.00,Realistic
91,Support Technician,"Provide technical assistance to computer users. Answer questions or resolve computer problems for clients in person, via telephone, or electronically. May provide assistance concerning the use of computer hardware and software, including printing, installation, word processing, electronic mail, and operating systems.","years, IOC, ERP , eQuest, Computer Science, computer systems, Testing, RelationshipPersonal, LAN software, Software AG , Computer, Windows, problemswith networks, testing, WorkTechnical ADP software",15-1232.00,Realistic
92,Application Support Engineer,"Provide technical assistance to computer users. Answer questions or resolve computer problems for clients in person, via telephone, or electronically. May provide assistance concerning the use of computer hardware and software, including printing, installation, word processing, electronic mail, and operating systems.","test, database, databases eXe , databases eQuest",15-1232.00,Realistic
93,Oracle Database Administrator,"Administer, test, and implement computer databases, applying knowledge of database management systems. Coordinate changes to computer databases. Identify, investigate, and resolve database performance issues, database capacity, and database scalability. May plan, coordinate, and implement security measures to safeguard computer databases.","Database Oracle Database, maintain SQL, PLSQL, , database , Shell script , Oracle, Database, IT, database, , Oracle",15-1242.00,Conventional
94,Software Quality Tester,"Develop and execute software tests to identify software problems and their causes. Test system modifications to prepare for implementation. Document software and application defects using a bug tracking system and report defects to software or web developers. Create and maintain databases of known defects. May participate in software design reviews to provide input on functional requirements, operational characteristics, product designs, and schedules.","Tracks Software , test, software testing eXe",15-1253.00,Investigative
97,Project Coordinator,"Plan, direct, or coordinate, usually through subordinate supervisory personnel, activities concerned with the construction and maintenance of structures, facilities, and systems. Participate in the conceptual development of a construction project and oversee its organization, scheduling, budgeting, and implementation. Includes managers in specialized construction fields, such as carpentry or plumbing.","risk management, decision making, risk management, communication skills",11-9021.00,Enterprising
98,Front End Developer,"Develop and implement websites, web applications, application databases, and interactive web interfaces. Evaluate code to ensure that it is properly structured, meets industry standards, and is compatible with browsers and devices. Optimize website performance, scalability, and server-side code and processes. May develop website infrastructure and integrate websites with other computer applications.","SASS, Debug, jQuery, AJAX, software development Modula , analyze , , HTML, Angular, NPM, JSON, coding, Firefox, Safari, IE, HTML, Git, Javascript, software development, Debug , CSS",15-1254.00,Conventional
100,Pre-Sales Engineer,"Sell business goods or services, the selling of which requires a technical background equivalent to a baccalaureate degree in engineering.","VMware Analyze, VMware , computer systems, sales, Microsoft, Analyz , business development",41-9031.00,Enterprising
101,Testing Engineer,"Research, design, develop, test, or supervise the manufacturing and installation of electrical equipment, components, or systems for commercial, industrial, military, or scientific use.","Scheme , analytics, test, testing Software AG, regression, testing Objective C, SKILL",17-2071.00,Investigative
102,Data Engineer,"Design strategies for enterprise databases, data warehouse systems, and multidimensional networks. Set standards for database operations, programming, query processes, and security. Model, design, and construct large relational databases or data warehouses. Create and optimize data models for warehouse infrastructure and workflow. Integrate new systems with existing warehouse structure and refine system performance and functionality.","SQL, designing, big data eXe , ETL, data infrastructure",15-1243.00,Investigative
104,Soil Expert,"Conduct research in breeding, physiology, production, yield, and management of crops and agricultural plants or trees, shrubs, and nursery stock, their growth in soils, and control of pests; or study the chemical, physical, biological, and mineralogical composition of soils as they relate to plant or crop growth. May classify and map soils and investigate effects of alternative practices on soil and crop productivity.","analyze data, Google Analytics, analytics , analytics, eXe, marketing Analyze, WordPress, SEO, Analyz , marketing, analyze data",19-1013.00,Realistic
105,Database Administrator (DBA),"Administer, test, and implement computer databases, applying knowledge of database management systems. Coordinate changes to computer databases. Identify, investigate, and resolve database performance issues, database capacity, and database scalability. May plan, coordinate, and implement security measures to safeguard computer databases.","SQL, task automation, MicrosoftLinux, MongoDB, MySQL, Analyz , RDBMS, SSIS, DB, Oracle, Masters degree, SQL, databases, data infrastructure, data integration, database, TSQL, No SQL, SQL server, Data Warehousing, Azure Data Factory , computer science, PostgreSQL, analyze database, SQL Server, Database, Azure Data Factory Analyze , Data Modeling, Microsoft SQL server, Databases, IT, SSAS, ETL, storage media",15-1242.00,Conventional
107,Back End Engineer,"Develop and implement websites, web applications, application databases, and interactive web interfaces. Evaluate code to ensure that it is properly structured, meets industry standards, and is compatible with browsers and devices. Optimize website performance, scalability, and server-side code and processes. May develop website infrastructure and integrate websites with other computer applications.","REST services, testing, Java, software development eXe , APIs , software development",15-1254.00,Conventional
108,Pattern Developer,"Lay out, machine, fit, and assemble castings and parts to metal or plastic foundry patterns, core boxes, or match plates.","Good communication, debug, test, , Android, analytics, Good communication skills, APIs, Highly motivated SKILL , testing, coding, , Highly motivated , software development",51-4062.00,Realistic
109,Job Developer,"Recruit, screen, interview, or place individuals within an organization. May perform other activities in multiple human resources areas.","Python, Financial , test, Financial JavaScript",13-1071.00,Enterprising
111,Application Support Engineer,"Provide technical assistance to computer users. Answer questions or resolve computer problems for clients in person, via telephone, or electronically. May provide assistance concerning the use of computer hardware and software, including printing, installation, word processing, electronic mail, and operating systems.","designing , information applications, sales, testing, debugging, sales, designing, testing Go , ",15-1232.00,Realistic
112,Technical Clerk,"Compose letters or electronic correspondence in reply to requests for merchandise, damage claims, credit and other information, delinquent accounts, incorrect billings, or unsatisfactory services. Duties may include gathering data to formulate reply and preparing correspondence.","coding Analyze, Dig, CICD, analyze briefs, Analyz , designing, Designing, AWS, , analyze briefs, Git",43-4021.00,Conventional
113,Network Systems Administrator,"Install, configure, and maintain an organization's local area network (LAN), wide area network (WAN), data communications network, operating systems, and physical and virtual servers. Perform system monitoring and verify the integrity and availability of hardware, network, and server resources and systems. Review system and application logs and verify completion of scheduled jobs, including system backups. Analyze network and server resource consumption and control user access. Install and upgrade software and maintain software licenses. May assist in network modeling, analysis, planning, and coordination between network and data communications hardware and software.","data storage networks, solve problems, upgrade corporate, , computer systems, test Analyze, Analyz",15-1244.00,Investigative
114,Quality Assurance Specialist,Investigate or inspect government property to ensure compliance with contract agreements and government regulations.,"banking, test, IT, testing, UAT , IT, UserAccepted, regression",13-1041.04,Conventional
115,Infrastructure Engineer,"Design or configure wired, wireless, and satellite communications systems for voice, video, and data services. Supervise installation, service, and maintenance.","SMTP, Google cloud, Windows Server, IT, IT Systems, ADNetwork, IT Infrastructure , IT Infrastructure Software AG , DNS, Office services, Azure",15-1241.01,Realistic
117,Front End Web Developer,"Develop and implement websites, web applications, application databases, and interactive web interfaces. Evaluate code to ensure that it is properly structured, meets industry standards, and is compatible with browsers and devices. Optimize website performance, scalability, and server-side code and processes. May develop website infrastructure and integrate websites with other computer applications."," , testing , testing, Designing, debugging, coding, ",15-1254.00,Conventional
118,Project Manager,"Plan, direct, or coordinate, usually through subordinate supervisory personnel, activities concerned with the construction and maintenance of structures, facilities, and systems. Participate in the conceptual development of a construction project and oversee its organization, scheduling, budgeting, and implementation. Includes managers in specialized construction fields, such as carpentry or plumbing.","Software Development, German, Android, JS, business analysis, healthcare, Analyz , business analysis, risk management C , Java, software engineering, risk management Analyze",11-9021.00,Enterprising
120,Section Hand,"Lay, repair, and maintain track for standard or narrow-gauge railroad equipment used in regular railroad service or in plant yards, quarries, sand and gravel pits, and mines. Includes ballast cleaning machine operators and railroad bed tamping machine operators.","information technology, IT , computer systems eXe, computer systems, Analyz , IT",47-4061.00,Realistic
121,Front End Developer,"Develop and implement websites, web applications, application databases, and interactive web interfaces. Evaluate code to ensure that it is properly structured, meets industry standards, and is compatible with browsers and devices. Optimize website performance, scalability, and server-side code and processes. May develop website infrastructure and integrate websites with other computer applications.","AI, Scala, designing, ResponsibilitiesPlanning, AI, Kafka, Elastic, CSS, HTML, Angular, testing, coding, debugging, Java, , AngularJS, Spring, REST WebServices, JavaScript, Docker , Postgres",15-1254.00,Conventional
122,Web Developer,"Develop and implement websites, web applications, application databases, and interactive web interfaces. Evaluate code to ensure that it is properly structured, meets industry standards, and is compatible with browsers and devices. Optimize website performance, scalability, and server-side code and processes. May develop website infrastructure and integrate websites with other computer applications.","HTML, jQuery, HTML, CSS, JavaScript Analyze, WordPress, Analyz , Square, HTML, JavaScript Square , testing",15-1254.00,Conventional
126,Target Developer,"Design and develop solutions to complex applications problems, system administration issues, or network concerns. Perform systems management and integration functions.","Designing eQuest , Designing eQuest, testing, SKILL",15-1299.08,Investigative
128,Server Administrator,"Install, configure, and maintain an organization's local area network (LAN), wide area network (WAN), data communications network, operating systems, and physical and virtual servers. Perform system monitoring and verify the integrity and availability of hardware, network, and server resources and systems. Review system and application logs and verify completion of scheduled jobs, including system backups. Analyze network and server resource consumption and control user access. Install and upgrade software and maintain software licenses. May assist in network modeling, analysis, planning, and coordination between network and data communications hardware and software.","Linux, information technology, cloud, VMware, computer systems, VSAN technology Analyz , IntranetKnowledge, VSAN technology , VMware, database, Windows, ",15-1244.00,Investigative
129,Rug Designer,"Design and develop manufactured products, such as cars, home appliances, and children's toys. Combine artistic talent with research on product use, marketing, and materials to create the most functional and appealing product design.","UX testing, consistency , consistency AMPL, task flows, LAN software , designing, testing, designing, teamwork, UX, dashboards, testing",27-1021.00,Artistic
131,Technical Support Specialist,"Analyze, test, troubleshoot, and evaluate existing network systems, such as local area networks (LAN), wide area networks (WAN), cloud networks, servers, and other data communications networks. Perform network maintenance to ensure networks operate correctly with minimal interruption.","Windows Software AG , computer systems, Windows Analyze, Analyz",15-1231.00,Realistic
133,Back End Developer,"Develop and implement websites, web applications, application databases, and interactive web interfaces. Evaluate code to ensure that it is properly structured, meets industry standards, and is compatible with browsers and devices. Optimize website performance, scalability, and server-side code and processes. May develop website infrastructure and integrate websites with other computer applications.","management systems, SQL  yet ,  reviews, MS, NoSQL Currently, data security C, File management software, Java, coding, coding, database, , Jail management software, data security C , SKILL",15-1254.00,Conventional
134,Quality Control Engineer,"Design or plan protocols for equipment or processes to produce products meeting internal and external purity, safety, and quality requirements.","test automation, APIs, test, eXe, APIs, Analyz , machine learning Analyze, machine learning eXe , testing",17-2112.02,Investigative
135,Sales Account Manager,"Plan, direct, or coordinate the actual distribution or movement of a product or service to the customer. Coordinate sales distribution by establishing sales territories, quotas, and goals and establish training programs for sales representatives. Analyze sales statistics gathered by staff to determine sales potential and inventory requirements and monitor the preferences of customers.","sales Analyze, eXe, sales, Analyz , Sales, Digital Marketing, Sales",11-2022.00,Enterprising
138,Sales Engineer,"Sell goods for wholesalers or manufacturers where technical or scientific knowledge is required in such areas as biology, engineering, chemistry, and electronics, normally obtained from at least 2 years of postsecondary education.","database , Sales, sales, designing, Marketing, CRM, sales",41-4011.00,Enterprising
139,Recruiter,"Recruit, screen, interview, or place individuals within an organization. May perform other activities in multiple human resources areas.",IT,13-1071.00,Enterprising
141,SAP Consultant,Produce financial and market intelligence by querying data repositories and generating periodic reports. Devise methods for identifying data patterns and trends in available information sources.,"SystemsTight, FDA Go , analyze SAP, SAP, unit testing",15-2051.01,Investigative
142,SAP Business Analyst,"Analyze science, engineering, business, and other data processing problems to develop and implement solutions to complex applications problems, system administration issues, or network concerns. Perform systems management and integration functions, improve existing computer systems, and review computer system capabilities, workflow, and schedule limitations. May analyze or recommend commercially available software.","Git, Analyz , web analytics Analyze, Digital Product",15-1211.00,Investigative
143,Front End Developer,"Develop and implement websites, web applications, application databases, and interactive web interfaces. Evaluate code to ensure that it is properly structured, meets industry standards, and is compatible with browsers and devices. Optimize website performance, scalability, and server-side code and processes. May develop website infrastructure and integrate websites with other computer applications.","coding ,  reviews, Angular, , AngularWrite",15-1254.00,Conventional
144,Help Desk Specialist,"Provide technical assistance to computer users. Answer questions or resolve computer problems for clients in person, via telephone, or electronically. May provide assistance concerning the use of computer hardware and software, including printing, installation, word processing, electronic mail, and operating systems.","VMWare, computer software, computer systems eQuest , software installation, Windows Server , troubleshot, Microsoft distributed systems, DNS",15-1232.00,Realistic
147,Java Developer,"Create, modify, and test the code and scripts that allow computer applications to run. Work from specifications drawn up by software and web developers or other individuals. May develop and write computer programs to store, locate, and retrieve specific documents, data, and information.","coding Scala , SQL, coding , JavaScript , CSS, HTML",15-1251.00,Investigative
148,Software Test Engineer,"Develop and execute software tests to identify software problems and their causes. Test system modifications to prepare for implementation. Document software and application defects using a bug tracking system and report defects to software or web developers. Create and maintain databases of known defects. May participate in software design reviews to provide input on functional requirements, operational characteristics, product designs, and schedules.","Database eXe, test, AUTO , Android, automate, APIs, testing, Database eXe , Android, engineering, testing",15-1253.00,Investigative
149,Systems Engineer,"Design or analyze operational solutions for projects such as transportation optimization, network modeling, process and methods analysis, cost containment, capacity enhancement, routing and shipment optimization, or information management.","Analyz , Analyze",13-1081.01,Investigative
150,Technical Support Engineer,"Provide technical assistance to computer users. Answer questions or resolve computer problems for clients in person, via telephone, or electronically. May provide assistance concerning the use of computer hardware and software, including printing, installation, word processing, electronic mail, and operating systems.",", Healthcare, sales, IT eQuest",15-1232.00,Realistic
151,Back End Developer,"Develop and implement websites, web applications, application databases, and interactive web interfaces. Evaluate code to ensure that it is properly structured, meets industry standards, and is compatible with browsers and devices. Optimize website performance, scalability, and server-side code and processes. May develop website infrastructure and integrate websites with other computer applications.","management systems, SQL, data security Database management systems ,  reviews, NoSQL, coding, database, , data security C , ",15-1254.00,Conventional
153,Software Project Manager,"Plan, direct, or coordinate activities in such fields as electronic data processing, information systems, systems analysis, and computer programming.","LAN software , eXe, testing ADP software, eQuest",11-3021.00,Enterprising
154,Front End Developer,"Develop and implement websites, web applications, application databases, and interactive web interfaces. Evaluate code to ensure that it is properly structured, meets industry standards, and is compatible with browsers and devices. Optimize website performance, scalability, and server-side code and processes. May develop website infrastructure and integrate websites with other computer applications.","coding ,  reviews, Angular, , AngularWrite",15-1254.00,Conventional
155,Network Security Administrator,"Install, configure, and maintain an organization's local area network (LAN), wide area network (WAN), data communications network, operating systems, and physical and virtual servers. Perform system monitoring and verify the integrity and availability of hardware, network, and server resources and systems. Review system and application logs and verify completion of scheduled jobs, including system backups. Analyze network and server resource consumption and control user access. Install and upgrade software and maintain software licenses. May assist in network modeling, analysis, planning, and coordination between network and data communications hardware and software.","Switches , IT security, Routers, Switches , Switchesxa, VPN , VPN",15-1244.00,Investigative
